9,"Priya","Priya dongare"
23,"create title","create description"
24,"create1","create1 description"
25,"last test","last test description"
20,"ruby prog","asdfghjklqwertyuio"
28,"kjh","jnk"
29,"ojn","kjh"
18,"Sap demo Title","BTP COCKPIT sample 1"
5,"Template 1 for test","Lorem ipsum dolor sit amet\, consectetur adipiscing elit. Vivamus ullamcorper\, felis vel fringilla venenatis\, diam purus suscipit tortor\, nec bibendum nulla nisl vitae dolor."
32,"demo_test_01","demo_01"
34,"demo_03","demo_test_o3"
35,"demo_03","demo_test_o3"
36,"demo_03","demo_test_03"
19,"Server up","Servrer upcontact later"
22,"kali linux","kali prog"
26,"linux_001","linux programming"
21,"demo title ","demo description "
